{
    "inputs": {
        "delta_xr_w": -5.1,
        "type": "transport",
        "S_w": 300,
        "AR_w": 10.5,
        "taper_w": 0.17,
        "sweep_w": 0.6117379028240124,
        "dihedral_w": 0.08726646259971647,
        "xr_w": 16.9,
        "zr_w": -1.85,
        "tcr_w": 0.175,
        "tct_w": 0.08,
        "Cht": 0.85,
        "Lc_h": 4.282545950719484,
        "AR_h": 4,
        "taper_h": 0.35,
        "sweep_h": 0.6981317007977318,
        "dihedral_h": 0.10471975511965977,
        "zr_h": 1.935,
        "tcr_h": 0.09,
        "tct_h": 0.08,
        "eta_h": 0.9,
        "Cvt": 0.075,
        "Lb_v": 0.4386272394165412,
        "AR_v": 1.5,
        "taper_v": 0.35,
        "sweep_v": 0.7330382858376184,
        "zr_v": 2.935,
        "tcr_v": 0.095,
        "tct_v": 0.08,
        "L_f": 58.0,
        "D_f": 5.87,
        "x_n": 19.200000000000003,
        "y_n": 10.5,
        "z_n": -3.075,
        "L_n": 5.8,
        "D_n": 3.5,
        "n_engines": 2,
        "n_engines_under_wing": 2,
        "x_nlg": 6,
        "x_mlg": 28.12045885301603,
        "y_mlg": 5.5,
        "z_lg": -5.585,
        "x_tailstrike": 42.68,
        "z_tailstrike": -2.935,
        "x_tank_c_w": 0.14,
        "c_tank_c_w": 0.4999999999999999,
        "b_tank_b_w_start": 0.0,
        "b_tank_b_w_end": 0.85,
        "clmax_w": 1.8,
        "k_korn": 0.95,
        "flap_type": "double slotted",
        "slat_type": null,
        "c_flap_c_wing": 0.33,
        "b_flap_b_wing": 0.63,
        "c_slat_c_wing": 0,
        "b_slat_b_wing": 0,
        "c_ail_c_wing": 0.3,
        "b_ail_b_wing": 0.32,
        "h_ground": 10.668000000000001,
        "k_exc_drag": 0.03,
        "winglet": true,
        "altitude_takeoff": 0,
        "distance_takeoff": 2900,
        "deltaISA_takeoff": 0,
        "altitude_landing": 0,
        "distance_landing": 2900,
        "deltaISA_landing": 0,
        "MLW_frac": 0.7392857142857143,
        "altitude_cruise": 9875.52,
        "Mach_cruise": 0.85,
        "range_cruise": 14816000.0,
        "altitude_maxcruise": 9448.800000000001,
        "Mach_maxcruise": 0.9,
        "time_loiter": 2700,
        "altitude_loiter": 457.20000000000005,
        "altitude_altcruise": 9875.52,
        "Mach_altcruise": 0.72,
        "range_altcruise": 370400.0,
        "W_payload": 313920.0,
        "xcg_payload": 29.52931569,
        "W_crew": 10329.93,
        "xcg_crew": 22,
        "block_range": 14816000.0,
        "block_time": 59400.0,
        "n_captains": 2,
        "n_copilots": 2,
        "rho_fuel": 785,
        "W0_guess": 2415727.7158911326,
        "engine": {
            "model": "Howe turbofan",
            "BPR": 9.6,
            "weight": 71387.37000000001,
            "C_ref": 0.00013277777777777778,
            "altitude_ref": 10668.0,
            "Mach_ref": 0.85,
            "Tmax": 374500
        }
    },
    "geometry": {
        "b_w": 56.124860801609124,
        "cr_w": 9.13713647563844,
        "xt_w": 38.48199931043479,
        "yt_w": 28.062430400804562,
        "zt_w": 0.6051445310556511,
        "ct_w": 1.553313200858535,
        "xm_w": 25.139281788029233,
        "ym_w": 10.713292517686073,
        "zm_w": -0.912708355665364,
        "cm_w": 6.241887704070043,
        "S_h": 59.544019593568876,
        "b_h": 15.432954298327832,
        "xr_h": 49.28409100061931,
        "cr_h": 5.715908999380678,
        "xt_h": 56.68781934287003,
        "yt_h": 7.716477149163916,
        "zt_h": 2.7460344297079406,
        "ct_h": 2.0005681497832373,
        "xm_h": 52.39182882329245,
        "ym_h": 3.239015099649051,
        "zm_h": 2.2754342050625924,
        "cm_h": 4.156383210660765,
        "S_v": 51.296403820996936,
        "b_v": 8.771807438122169,
        "xr_v": 45.83648648086699,
        "cr_v": 8.663513519133007,
        "xt_v": 55.142478320813176,
        "zt_v": 11.70680743812217,
        "ct_v": 3.0322297316965523,
        "xm_v": 49.742705277881434,
        "zm_v": 6.616993245631527,
        "cm_v": 6.2997647688510385
    },
    "aerodynamics": {
        "Swet_f": 929.3090576756209,
        "AR_eff": 12.6,
        "dragDict": {
            "Mach": 0.3,
            "altitude": 0,
            "CL": 0,
            "n_engines_failed": 0,
            "highlift_config": "landing",
            "lg_down": 1,
            "h_ground": 10.668,
            "CD": 0.09906270650671772,
            "CD0_w": 0.004723211910224663,
            "CD0_h": 0.0011461318770091544,
            "CD0_v": 0.0009249527113055101,
            "CD0_f": 0.00549264139970718,
            "CD0_n": 0.0013958949843559216,
            "CD0_flap": 0.06240799242891376,
            "CD0_slat": 0.0,
            "CD0_lg": 0.02,
            "CD0_wdm": 0.0,
            "CD0_exc": 0.0029718811952015316,
            "CD0": 0.09906270650671772,
            "CDind": 0.0,
            "CDwave": 0.0,
            "CLmax_clean": 1.326214931973534,
            "deltaCLmax_flap": 1.1338212875776226,
            "deltaCLmax_slat": 0.0,
            "CLmax": 2.4600362195511565,
            "K": 0.025230863808381545,
            "e": 0.7331626277428702,
            "Swet": 1813.767877588149
        }
    },
    "empty_weight": {
        "W_w": 287287.14241226617,
        "W_h": 15771.424469748588,
        "W_v": 13586.878480067458,
        "W_f": 218796.5245391482,
        "W_nlg": 15581.443767497803,
        "W_mlg": 88294.84801582088,
        "W_eng": 185607.16200000004,
        "W_allelse": 410673.71170149255,
        "W_empty": 1235599.1353860416,
        "xcg_w": 27.63603686965725,
        "xcg_h": 54.054382107556755,
        "xcg_v": 52.26261118542185,
        "xcg_f": 26.1,
        "xcg_nlg": 6,
        "xcg_mlg": 28.12045885301603,
        "xcg_eng": 22.1,
        "xcg_allelse": 26.1,
        "xcg_empty": 26.391690660125853
    },
    "fuel_weight": {
        "Mf_hist": {
            "start": 0.99,
            "taxi": 0.99,
            "takeoff": 0.995,
            "climb": 0.98,
            "cruise": 0.7062689197029401,
            "descent": 0.99,
            "altcruise": 0.9908572214325164,
            "loiter": 0.9884164716071047,
            "landing": 0.992
        },
        "LD_hist": {
            "cruise": 22.356345821271493,
            "altcruise": 22.620013814926697,
            "loiter": 24.57620701414248
        },
        "C_hist": {
            "cruise": 0.00013382993730118355,
            "loiter": 0.00010605215952340578,
            "altcruise": 0.00012117454034645413
        },
        "trapped_fuel_factor": 1.01
    },
    "thrust_matching": {
        "W0": 2415727.7158911326,
        "W_empty": 1235599.1353860416,
        "W_fuel": 855878.6505050905,
        "T0": 749000,
        "CLmaxTO": 2.176580897656751
    },
    "balance": {
        "xcg_fwd": 25.837879700490156,
        "xcg_aft": 27.11889271542559,
        "xnp": 28.027577540644028,
        "SM_fwd": 0.3508069904439442,
        "SM_aft": 0.14557852821125344,
        "tank_excess": 0.020974996006895452,
        "V_maxfuel": 113.47198059718367,
        "W_maxfuel": 873830.7017818219,
        "xcg_fuel": 25.391252881080295,
        "CLv": 0.7072521727895056,
        "CG_hist": {
            "xcg_e": 26.391690660125853,
            "W_e": 1235599.1353860416,
            "xcg_ec": 26.35527939213228,
            "W_ec": 1245929.0653860415,
            "xcg_epc": 26.99405496134419,
            "W_epc": 1559849.0653860415,
            "xcg_efc": 25.962717454571557,
            "W_efc": 2101807.715891132,
            "xcg_efpc": 26.426191260290867,
            "W_efpc": 2415727.7158911326
        }
    },
    "landing_gear": {
        "frac_nlg_fwd": 0.1031885987398789,
        "frac_nlg_aft": 0.0452778192462259,
        "alpha_tipback": 0.17744529220985983,
        "alpha_tailstrike": 0.18004036458669084,
        "phi_overturn": 0.862213589560186
    }
}